[ "ColoredShapePipelineSettings", {
  "pipelineIndex" : 2,
  "pipelineType" : "ColoredShape",
  "inputImageRotationMode" : "DEG_0",
  "pipelineNickname" : "cone",
  "cameraAutoExposure" : false,
  "cameraExposure" : 16.7,
  "cameraBrightness" : 49,
  "cameraGain" : 56,
  "cameraRedGain" : 7,
  "cameraBlueGain" : 26,
  "cameraVideoModeIndex" : 2,
  "streamingFrameDivisor" : "SIXTH",
  "ledMode" : true,
  "inputShouldShow" : true,
  "outputShouldShow" : true,
  "hsvHue" : {
    "first" : 22,
    "second" : 53
  },
  "hsvSaturation" : {
    "first" : 93,
    "second" : 241
  },
  "hsvValue" : {
    "first" : 28,
    "second" : 230
  },
  "hueInverted" : false,
  "outputShouldDraw" : true,
  "outputShowMultipleTargets" : false,
  "contourArea" : {
    "first" : 0.71,
    "second" : 100.0
  },
  "contourRatio" : {
    "first" : 0.0,
    "second" : 20.0
  },
  "contourFullness" : {
    "first" : 0.0,
    "second" : 100.0
  },
  "contourSpecklePercentage" : 5,
  "contourSortMode" : "Largest",
  "contourTargetOffsetPointEdge" : "Center",
  "contourTargetOrientation" : "Portrait",
  "offsetRobotOffsetMode" : "None",
  "offsetSinglePoint" : {
    "x" : 346.2489929199219,
    "y" : 259.3111877441406
  },
  "offsetDualPointA" : {
    "x" : 0.0,
    "y" : 0.0
  },
  "offsetDualPointAArea" : 0.0,
  "offsetDualPointB" : {
    "x" : 0.0,
    "y" : 0.0
  },
  "offsetDualPointBArea" : 0.0,
  "contourGroupingMode" : "Single",
  "contourIntersection" : "Up",
  "solvePNPEnabled" : false,
  "targetModel" : "k2020HighGoalOuter",
  "cornerDetectionStrategy" : "APPROX_POLY_DP_AND_EXTREME_CORNERS",
  "cornerDetectionUseConvexHulls" : true,
  "cornerDetectionExactSideCount" : false,
  "cornerDetectionSideCount" : 4,
  "cornerDetectionAccuracyPercentage" : 45.0,
  "contourShape" : "Triangle",
  "contourPerimeter" : {
    "first" : 3.0,
    "second" : 4000.0
  },
  "accuracyPercentage" : 93.0,
  "circleDetectThreshold" : 5,
  "contourRadius" : {
    "first" : 0,
    "second" : 100
  },
  "minDist" : 20,
  "maxCannyThresh" : 90,
  "circleAccuracy" : 20,
  "cameraCalibration" : null,
  "erode" : false,
  "dilate" : true
} ]